id_num,list_user,list_password
1,admin_1,3833b3a1c69cf71a31d86cb5bb4d3866789b4d1e
2,admin,682aeb1754fc68029f02ad78cd3eb4c6c12f9e21
3,msfadmin,8492d8af6734d097877d234318c36cd9ef6df20c
4,user1,681ec78ae06dae481c06a029425ea6d4b22f4e95
5,user2,6e3198640c47dcfd3785e2cb83c0e8d0af10146e
6,user3,6ff8020281195258422785074807b83b84e99ad0
7,user4,e5571111ebf3f35f74262c6abb05117f5bfe510d
8,user_1,c954fbdcd449db1827b211bbd5e59ec0edca088f
9,user_2,feabd2e11c14117bf8a46ed0a74738d5e8712b11
10,user_3,92d50d83287fc2138fe45045f3f20757553e51df
11,user_4,457efedb14c4875ba9c7685c874bcdf448e9ceef
12,guest_user,191acefec197dcd65a1374cc423bf8b2cc537357